縣市,集團關聯,候選人,是否流員,金額元,選舉名稱,政黨,名單分組
台中,友秀實業,何欣純,是,500000,2020 立委,民進黨,立委與首長
台中,友秀實業,何欣純,是,500000,2024 立委,民進黨,立委與首長
台中,天恕事業群,江肇國,否,100000,2024 立委,民進黨,立委與首長
台中,天恕事業群,何欣純,是,100000,2024 立委,民進黨,立委與首長
台中,天恕事業群,何欣純,是,50000,2024 立委,民進黨,立委與首長
台中,天恕事業群,張廖萬堅,是,100000,2024 立委,民進黨,立委與首長
台中,天恕事業群,張廖萬堅,是,100000,2024 立委,民進黨,立委與首長
台中,天恕事業群,莊競程,否,100000,2024 立委,民進黨,立委與首長
台中,天恕事業群,蔡其昌,是,50000,2022 首長,民進黨,立委與首長
台中,天恕事業群,江肇國,否,100000,2024 立委,民進黨,立委與首長
台中,天恕事業群,何欣純,是,100000,2024 立委,民進黨,立委與首長
台中,天恕事業群,何欣純,是,50000,2024 立委,民進黨,立委與首長
台中,天恕事業群,張廖萬堅,是,100000,2024 立委,民進黨,立委與首長
台中,天恕事業群,張廖萬堅,是,100000,2024 立委,民進黨,立委與首長
台中,天恕事業群,莊競程,否,100000,2024 立委,民進黨,立委與首長
台中,天恕事業群,蔡其昌,是,50000,2022 首長,民進黨,立委與首長
台中,和大集團,何欣純,是,300000,2020 立委,民進黨,立委與首長
台中,和大集團,張廖萬堅,是,300000,2020 立委,民進黨,立委與首長
台中,和大集團,何欣純,是,200000,2020 立委,民進黨,立委與首長
台中,和大集團,張廖萬堅,是,200000,2020 立委,民進黨,立委與首長
台中,般若科技,張廖萬堅,是,200000,2020 立委,民進黨,立委與首長
台中,般若科技,張廖萬堅,是,360000,2024 立委,民進黨,立委與首長
台中,般若科技,蔡其昌,是,500000,2022 首長,民進黨,立委與首長
台中,般若科技,林佳龍,否,200000,2018 首長,民進黨,立委與首長
台中,富宇集團,黃國書,否,250000,2020 立委,民進黨,立委與首長
台中,富宇集團,顏寬恒,否,500000,2020 立委,國民黨,立委與首長
台中,富宇集團,張廖萬堅,是,1000000,2024 立委,民進黨,立委與首長
台中,富宇集團,蔡其昌,是,1000000,2022 首長,民進黨,立委與首長
台中,富宇集團,蔡其昌,是,1000000,2024 立委,民進黨,立委與首長
台中,誠岱機械廠,林靜儀,否,50000,立委補選,民進黨,立委與首長
台中,誠岱機械廠,林靜儀,否,50000,2024 立委,民進黨,立委與首長
台中,誠岱機械廠,林靜儀,否,50000,2024 立委,民進黨,立委與首長
台中,誠岱機械廠,蔡其昌,是,200000,2020 立委,民進黨,立委與首長
台中,誠岱機械廠,蔡其昌,是,200000,2022 首長,民進黨,立委與首長
台中,誠岱機械廠,蔡其昌,是,200000,2024 立委,民進黨,立委與首長
台中,誠岱機械廠,謝子涵,否,50000,2024 立委,民進黨,立委與首長
台中,友秀實業,林德宇,是,50000,2018 議員,民進黨,議員與地方公職
台中,友秀實業,林德宇,是,100000,2022 議員,民進黨,議員與地方公職
台中,友秀實業,張耀中,是,50000,2018 議員,民進黨,議員與地方公職
台中,友秀實業,張耀中,是,50000,2022 議員,民進黨,議員與地方公職
台中,友秀實業,李天生,否,50000,2018 議員,民進黨,議員與地方公職
台中,友秀實業,李天生,否,50000,2022 議員,民進黨,議員與地方公職
台中,友秀實業,李順涼,否,50000,2018 議員,無黨籍,議員與地方公職
台中,友秀實業,張芬郁,否,50000,2018 議員,民進黨,議員與地方公職
台中,友秀實業,張芬郁,否,50000,2022 議員,民進黨,議員與地方公職
台中,天恕事業群,何昆霖,否,50000,2022 議員,民進黨,議員與地方公職
台中,天恕事業群,林祈烽,是,100000,2018 議員,民進黨,議員與地方公職
台中,天恕事業群,黃守達,是,50000,2022 議員,民進黨,議員與地方公職
台中,天恕事業群,王立任,是,50000,2022 議員,民進黨,議員與地方公職
台中,天恕事業群,何昆霖,否,50000,2022 議員,民進黨,議員與地方公職
台中,天恕事業群,林祈烽,是,50000,2022 議員,民進黨,議員與地方公職
台中,天恕事業群,黃守達,是,50000,2022 議員,民進黨,議員與地方公職
台中,天恕事業群,張家銨,否,50000,2022 議員,民進黨,議員與地方公職
台中,和大集團,王立任,是,150000,2018 議員,民進黨,議員與地方公職
台中,和大集團,林祈烽,是,150000,2018 議員,民進黨,議員與地方公職
台中,和大集團,林德宇,是,150000,2018 議員,民進黨,議員與地方公職
台中,和大集團,施志昌,是,150000,2018 議員,民進黨,議員與地方公職
台中,和大集團,張玉嬿,是,150000,2018 議員,民進黨,議員與地方公職
台中,和大集團,張耀中,是,150000,2018 議員,民進黨,議員與地方公職
台中,和大集團,陳世凱,是,150000,2018 議員,民進黨,議員與地方公職
台中,和大集團,黃守達,是,150000,2018 議員,民進黨,議員與地方公職
台中,和大集團,謝志忠,是,150000,2018 議員,民進黨,議員與地方公職
台中,和大集團,林義偉,否,150000,2018 議員,民進黨,議員與地方公職
台中,和大集團,蔡雅玲,否,150000,2018 議員,民進黨,議員與地方公職
台中,和大集團,王立任,是,150000,2018 議員,民進黨,議員與地方公職
台中,和大集團,林祈烽,是,150000,2018 議員,民進黨,議員與地方公職
台中,和大集團,林德宇,是,150000,2018 議員,民進黨,議員與地方公職
台中,和大集團,施志昌,是,150000,2018 議員,民進黨,議員與地方公職
台中,和大集團,張玉嬿,是,150000,2018 議員,民進黨,議員與地方公職
台中,和大集團,張耀中,是,150000,2018 議員,民進黨,議員與地方公職
台中,和大集團,陳世凱,是,150000,2018 議員,民進黨,議員與地方公職
台中,和大集團,黃守達,是,150000,2018 議員,民進黨,議員與地方公職
台中,和大集團,謝志忠,是,150000,2018 議員,民進黨,議員與地方公職
台中,和大集團,林義偉,否,150000,2018 議員,民進黨,議員與地方公職
台中,和大集團,蔡雅玲,否,150000,2018 議員,民進黨,議員與地方公職
台中,旺昇工程,王立任,是,200000,2022 議員,民進黨,議員與地方公職
台中,旺昇工程,林祈烽,是,100000,2022 議員,民進黨,議員與地方公職
台中,旺昇工程,林祈烽,是,100000,2022 議員,民進黨,議員與地方公職
台中,旺昇工程,林德宇,是,100000,2022 議員,民進黨,議員與地方公職
台中,旺昇工程,林德宇,是,100000,2022 議員,民進黨,議員與地方公職
台中,旺昇工程,施志昌,是,100000,2022 議員,民進黨,議員與地方公職
台中,旺昇工程,施志昌,是,100000,2022 議員,民進黨,議員與地方公職
台中,旺昇工程,張耀中,是,200000,2022 議員,民進黨,議員與地方公職
台中,旺昇工程,曾威,是,100000,2022 議員,民進黨,議員與地方公職
台中,旺昇工程,曾威,是,100000,2022 議員,民進黨,議員與地方公職
台中,旺昇工程,黃守達,是,200000,2022 議員,民進黨,議員與地方公職
台中,旺昇工程,鄭功進,是,100000,2022 議員,民進黨,議員與地方公職
台中,旺昇工程,鄭功進,是,100000,2022 議員,民進黨,議員與地方公職
台中,旺昇工程,謝志忠,是,100000,2022 議員,民進黨,議員與地方公職
台中,旺昇工程,謝志忠,是,100000,2022 議員,民進黨,議員與地方公職
台中,般若科技,林祈烽,是,100000,2018 議員,民進黨,議員與地方公職
台中,般若科技,林祈烽,是,200000,2022 議員,民進黨,議員與地方公職
台中,般若科技,張耀中,是,100000,2018 議員,民進黨,議員與地方公職
台中,般若科技,張耀中,是,200000,2022 議員,民進黨,議員與地方公職
台中,富宇集團,楊典忠,是,15000,2018 議員,民進黨,議員與地方公職
台中,誠岱機械廠,王立任,是,200000,2018 議員,民進黨,議員與地方公職
台中,誠岱機械廠,王立任,是,100000,2022 議員,民進黨,議員與地方公職
台中,誠岱機械廠,吳敏濟,否,80000,2018 議員,民進黨,議員與地方公職
台中,誠岱機械廠,施志昌,是,100000,2018 議員,民進黨,議員與地方公職
台中,誠岱機械廠,施志昌,是,100000,2022 議員,民進黨,議員與地方公職
台中,誠岱機械廠,李文傑,否,100000,2022 議員,國民黨,議員與地方公職
台中,誠岱機械廠,李榮鴻,否,100000,2018 議員,國民黨,議員與地方公職
高雄,日友水產,林岱樺,否,200000,2024 立委,民進黨,立委與首長
高雄,日友水產,邱志偉,是,250000,2020 立委,民進黨,立委與首長
高雄,日友水產,邱議瑩,否,250000,2020 立委,民進黨,立委與首長
高雄,日友水產,邱議瑩,否,200000,2024 立委,民進黨,立委與首長
高雄,日友水產,趙天麟,否,250000,2020 立委,民進黨,立委與首長
高雄,日友水產,趙天麟,否,200000,2024 立委,民進黨,立委與首長
高雄,日友水產,劉世芳,是,150000,2020 立委,民進黨,立委與首長
高雄,日友水產,賴瑞隆,是,200000,2024 立委,民進黨,立委與首長
高雄,世暘工廠產業,邱志偉,是,300000,2020 立委,民進黨,立委與首長
高雄,世暘工廠產業,邱志偉,是,500000,2024 立委,民進黨,立委與首長
高雄,世暘工廠產業,陳其邁,否,500000,2018 首長,民進黨,立委與首長
高雄,台北世界貿易中心國際貿易大樓,李柏毅,是,100000,2018 議員,民進黨,立委與首長
高雄,台北世界貿易中心國際貿易大樓,李柏毅,是,100000,2018 議員,民進黨,立委與首長
高雄,台北世界貿易中心國際貿易大樓,李柏毅,是,100000,2022 議員,民進黨,立委與首長
高雄,台北世界貿易中心國際貿易大樓,李柏毅,是,500000,2024 立委,民進黨,立委與首長
高雄,台北世界貿易中心國際貿易大樓,賴瑞隆,是,500000,2024 立委,民進黨,立委與首長
高雄,永鑫能源,李柏毅,是,150000,2018 議員,民進黨,立委與首長
高雄,永鑫能源,賴瑞隆,是,1000000,2020 立委,民進黨,立委與首長
高雄,禾聯碩集團,陳其邁,否,500000,首長補選,民進黨,立委與首長
高雄,良聯工業,李昆澤,是,100000,2020 立委,民進黨,立委與首長
高雄,良聯工業,李昆澤,是,200000,2024 立委,民進黨,立委與首長
高雄,良聯工業,李柏毅,是,200000,2022 議員,民進黨,立委與首長
高雄,良聯工業,李柏毅,是,300000,2024 立委,民進黨,立委與首長
高雄,良聯工業,林岱樺,否,100000,2020 立委,民進黨,立委與首長
高雄,良聯工業,林岱樺,否,200000,2024 立委,民進黨,立委與首長
高雄,良聯工業,林岱樺,否,200000,2024 立委,民進黨,立委與首長
高雄,良聯工業,邱志偉,是,100000,2020 立委,民進黨,立委與首長
高雄,良聯工業,邱志偉,是,100000,2020 立委,民進黨,立委與首長
高雄,良聯工業,邱志偉,是,1000000,2024 立委,民進黨,立委與首長
高雄,良聯工業,陳其邁,否,500000,首長補選,民進黨,立委與首長
高雄,良聯工業,陳其邁,否,200000,2022 首長,民進黨,立委與首長
高雄,良聯工業,劉世芳,是,100000,2020 立委,民進黨,立委與首長
高雄,良聯工業,劉世芳,是,100000,2020 立委,民進黨,立委與首長
高雄,良聯工業,賴瑞隆,是,300000,2020 立委,民進黨,立委與首長
高雄,良聯工業,賴瑞隆,是,500000,2024 立委,民進黨,立委與首長
高雄,享溫馨企業,李昆澤,是,200000,2020 立委,民進黨,立委與首長
高雄,享溫馨企業,李昆澤,是,200000,2024 立委,民進黨,立委與首長
高雄,享溫馨企業,邱志偉,是,200000,2024 立委,民進黨,立委與首長
高雄,享溫馨企業,賴瑞隆,是,100000,2020 立委,民進黨,立委與首長
高雄,享溫馨企業,賴瑞隆,是,100000,2024 立委,民進黨,立委與首長
高雄,京城集團,李柏毅,是,500000,2022 議員,民進黨,立委與首長
高雄,京城集團,邱志偉,是,100000,2024 立委,民進黨,立委與首長
高雄,京城集團,邱志偉,是,100000,2024 立委,民進黨,立委與首長
高雄,京城集團,邱志偉,是,100000,2024 立委,民進黨,立委與首長
高雄,京城集團,許智傑,是,300000,2020 立委,民進黨,立委與首長
高雄,京城集團,陳其邁,否,500000,首長補選,民進黨,立委與首長
高雄,京城集團,黃柏霖,否,200000,2020 立委,國民黨,立委與首長
高雄,金攀工程,李昆澤,是,300000,2020 立委,民進黨,立委與首長
高雄,金攀工程,李昆澤,是,300000,2024 立委,民進黨,立委與首長
高雄,金攀工程,李柏毅,是,500000,2022 議員,民進黨,立委與首長
高雄,金攀工程,李柏毅,是,500000,2024 立委,民進黨,立委與首長
高雄,金攀工程,許智傑,是,200000,2020 立委,民進黨,立委與首長
高雄,金攀工程,劉世芳,是,300000,2020 立委,民進黨,立委與首長
高雄,國揚集團,李柏毅,是,200000,2022 議員,民進黨,立委與首長
高雄,國揚集團,李柏毅,是,300000,2024 立委,民進黨,立委與首長
高雄,國揚集團,邱志偉,是,100000,2024 立委,民進黨,立委與首長
高雄,國揚集團,邱志偉,是,100000,2024 立委,民進黨,立委與首長
高雄,國揚集團,邱志偉,是,100000,2024 立委,民進黨,立委與首長
高雄,國揚集團,邱志偉,是,100000,2024 立委,民進黨,立委與首長
高雄,國揚集團,邱志偉,是,100000,2024 立委,民進黨,立委與首長
高雄,國揚集團,許智傑,是,500000,2020 立委,民進黨,立委與首長
高雄,國揚集團,許智傑,是,500000,2020 立委,民進黨,立委與首長
高雄,國揚集團,許智傑,是,300000,2024 立委,民進黨,立委與首長
高雄,國揚集團,賴瑞隆,是,500000,2020 立委,民進黨,立委與首長
高雄,國揚集團,賴瑞隆,是,500000,2024 立委,民進黨,立委與首長
高雄,國揚集團,陳美雅,否,200000,2018 議員,國民黨,立委與首長
高雄,國揚集團,陳美雅,否,300000,2024 立委,國民黨,立委與首長
高雄,國揚集團,陳麗娜,否,200000,2020 立委,國民黨,立委與首長
高雄,國揚集團,陳麗娜,否,200000,2020 立委,國民黨,立委與首長
高雄,國揚集團,黃柏霖,否,100000,2018 議員,國民黨,立委與首長
高雄,國揚集團,黃柏霖,否,100000,2018 議員,國民黨,立委與首長
高雄,國揚集團,李柏毅,是,200000,2024 立委,民進黨,立委與首長
高雄,國揚集團,邱志偉,是,100000,2024 立委,民進黨,立委與首長
高雄,國揚集團,邱志偉,是,100000,2024 立委,民進黨,立委與首長
高雄,國揚集團,許智傑,是,300000,2024 立委,民進黨,立委與首長
高雄,國揚集團,李眉蓁,否,300000,2022 議員,國民黨,立委與首長
高雄,國揚集團,李眉蓁,否,500000,2024 立委,國民黨,立委與首長
高雄,國揚集團,黃柏霖,否,300000,2024 立委,國民黨,立委與首長
高雄,國精化學,邱志偉,是,100000,2020 立委,民進黨,立委與首長
高雄,國精化學,邱志偉,是,300000,2024 立委,民進黨,立委與首長
高雄,國精化學,許智傑,是,600000,2024 立委,民進黨,立委與首長
高雄,國精化學,黃韻涵,否,100000,2020 立委,國民黨,立委與首長
高雄,路竹新益工廠,邱志偉,是,500000,2024 立委,民進黨,立委與首長
高雄,路竹新益工廠,許智傑,是,500000,2020 立委,民進黨,立委與首長
高雄,路竹新益工廠,許智傑,是,500000,2024 立委,民進黨,立委與首長
高雄,達家玻璃膠,邱志偉,是,1000000,2020 立委,民進黨,立委與首長
高雄,達家玻璃膠,邱志偉,是,1000000,2024 立委,民進黨,立委與首長
高雄,聯上集團,邱志偉,是,1000000,2024 立委,民進黨,立委與首長
高雄,聯上集團,邱志偉,是,500000,2020 立委,民進黨,立委與首長
高雄,聯上集團,黃柏霖,否,100000,2018 議員,國民黨,立委與首長
高雄,聯上集團,黃柏霖,否,100000,2018 議員,國民黨,立委與首長
高雄,聯上集團,黃柏霖,否,500000,2020 立委,國民黨,立委與首長
高雄,日友水產,康裕成,是,100000,2018 議員,民進黨,議員與地方公職
高雄,日友水產,李喬如,否,150000,2018 議員,民進黨,議員與地方公職
高雄,世暘工廠產業,高閔琳,是,300000,2018 議員,民進黨,議員與地方公職
高雄,世暘工廠產業,林志誠,否,200000,2022 議員,民進黨,議員與地方公職
高雄,世暘工廠產業,陳慶鴻,否,200000,2022 議員,民進黨,議員與地方公職
高雄,台北世界貿易中心國際貿易大樓,何權峰,是,200000,2018 議員,民進黨,議員與地方公職
高雄,台北世界貿易中心國際貿易大樓,何權峰,是,100000,2022 議員,民進黨,議員與地方公職
高雄,台北世界貿易中心國際貿易大樓,邱俊憲,是,200000,2018 議員,民進黨,議員與地方公職
高雄,台北世界貿易中心國際貿易大樓,邱俊憲,是,100000,2022 議員,民進黨,議員與地方公職
高雄,台北世界貿易中心國際貿易大樓,高閔琳,是,200000,2018 議員,民進黨,議員與地方公職
高雄,台北世界貿易中心國際貿易大樓,陳致中,否,500000,2022 議員,民進黨,議員與地方公職
高雄,台北世界貿易中心國際貿易大樓,簡煥宗,是,100000,2022 議員,民進黨,議員與地方公職
高雄,台北世界貿易中心國際貿易大樓,許乃文,否,100000,2018 議員,民進黨,議員與地方公職
高雄,台北世界貿易中心國際貿易大樓,許乃文,否,100000,2018 議員,民進黨,議員與地方公職
高雄,台北世界貿易中心國際貿易大樓,湯詠瑜,否,100000,2022 議員,民進黨,議員與地方公職
高雄,永鑫能源,何權峰,是,150000,2018 議員,民進黨,議員與地方公職
高雄,永鑫能源,邱俊憲,是,150000,2018 議員,民進黨,議員與地方公職
高雄,永鑫能源,高閔琳,是,150000,2018 議員,民進黨,議員與地方公職
高雄,永鑫能源,簡煥宗,是,150000,2018 議員,民進黨,議員與地方公職
高雄,永鑫能源,許乃文,否,250000,2018 議員,民進黨,議員與地方公職
高雄,禾聯碩集團,康裕成,是,300000,2018 議員,民進黨,議員與地方公職
高雄,禾聯碩集團,康裕成,是,700000,2018 議員,民進黨,議員與地方公職
高雄,良聯工業,何權峰,是,100000,2018 議員,民進黨,議員與地方公職
高雄,良聯工業,簡煥宗,是,100000,2018 議員,民進黨,議員與地方公職
高雄,良聯工業,王耀裕,否,200000,2022 議員,國民黨,議員與地方公職
高雄,良聯工業,許乃文,否,100000,2018 議員,民進黨,議員與地方公職
高雄,良聯工業,許采蓁,否,50000,2022 議員,國民黨,議員與地方公職
高雄,良聯工業,鄭光峰,否,100000,2022 議員,民進黨,議員與地方公職
高雄,良聯工業,鄭光峰,否,100000,2022 議員,民進黨,議員與地方公職
高雄,良聯工業,鄭光峰,否,100000,2022 議員,民進黨,議員與地方公職
高雄,良聯工業,韓賜村,否,100000,2022 議員,民進黨,議員與地方公職
高雄,享溫馨企業,吳益政,否,60000,2022 議員,民眾黨,議員與地方公職
高雄,享溫馨企業,康裕成,是,100000,2022 議員,民進黨,議員與地方公職
高雄,享溫馨企業,康裕成,是,100000,2022 議員,民進黨,議員與地方公職
高雄,享溫馨企業,康裕成,是,100000,2022 議員,民進黨,議員與地方公職
高雄,享溫馨企業,吳益政,否,60000,2018 議員,親民黨,議員與地方公職
高雄,享溫馨企業,李雨蓁,否,100000,2022 議員,台灣基進,議員與地方公職
高雄,享溫馨企業,黃偵琳,否,50000,2022 議員,民進黨,議員與地方公職
高雄,享溫馨企業,蔡昌達,否,300000,2018 議員,民進黨,議員與地方公職
高雄,金攀工程,簡煥宗,是,200000,2018 議員,民進黨,議員與地方公職
高雄,金攀工程,簡煥宗,是,500000,2018 議員,民進黨,議員與地方公職
高雄,金攀工程,林恭正,否,700000,2018 議員,無黨籍,議員與地方公職
高雄,金攀工程,楊台生,否,20000,2018 村里長,無黨籍,議員與地方公職
高雄,國揚集團,何權峰,是,200000,2018 議員,民進黨,議員與地方公職
高雄,國揚集團,何權峰,是,300000,2022 議員,民進黨,議員與地方公職
高雄,國揚集團,高閔琳,是,100000,2018 議員,民進黨,議員與地方公職
高雄,國揚集團,郭建盟,是,300000,2022 議員,民進黨,議員與地方公職
高雄,國揚集團,簡煥宗,是,200000,2018 議員,民進黨,議員與地方公職
高雄,國揚集團,簡煥宗,是,200000,2018 議員,民進黨,議員與地方公職
高雄,國揚集團,簡煥宗,是,200000,2018 議員,民進黨,議員與地方公職
高雄,國揚集團,簡煥宗,是,300000,2022 議員,民進黨,議員與地方公職
高雄,國揚集團,宋立彬,否,300000,2022 議員,國民黨,議員與地方公職
高雄,國揚集團,許乃文,否,200000,2018 議員,民進黨,議員與地方公職
高雄,國揚集團,許乃文,否,200000,2018 議員,民進黨,議員與地方公職
高雄,國揚集團,曾麗燕,否,500000,2018 議員,國民黨,議員與地方公職
高雄,國揚集團,黃香菽,否,200000,2018 議員,國民黨,議員與地方公職
高雄,國揚集團,黃香菽,否,200000,2018 議員,國民黨,議員與地方公職
高雄,國揚集團,黃紹庭,否,100000,2018 議員,國民黨,議員與地方公職
高雄,國揚集團,吳益政,否,300000,2022 議員,民眾黨,議員與地方公職
高雄,國揚集團,康裕成,是,300000,2022 議員,民進黨,議員與地方公職
高雄,國揚集團,陳致中,否,300000,2022 議員,民進黨,議員與地方公職
高雄,國揚集團,陳麗珍,否,200000,2022 議員,國民黨,議員與地方公職
高雄,國揚集團,黃文益,否,300000,2022 議員,民進黨,議員與地方公職
高雄,國精化學,陳政聞,否,100000,2018 議員,民進黨,議員與地方公職
高雄,國精化學,陳慶鴻,否,100000,2022 議員,民進黨,議員與地方公職
高雄,國精化學,陸淑美,否,100000,2018 議員,國民黨,議員與地方公職
高雄,國精化學,陸淑美,否,200000,2022 議員,國民黨,議員與地方公職
高雄,路竹新益工廠,李亞築,否,100000,2022 議員,國民黨,議員與地方公職
高雄,路竹新益工廠,林志誠,否,100000,2022 議員,民進黨,議員與地方公職
高雄,路竹新益工廠,陳政聞,否,100000,2018 議員,民進黨,議員與地方公職
高雄,路竹新益工廠,陸錦生,否,100000,2018 議員,無黨籍,議員與地方公職
高雄,路竹新益工廠,黃明太,否,100000,2018 議員,民進黨,議員與地方公職
高雄,路竹新益工廠,黃明太,否,100000,2022 議員,民進黨,議員與地方公職
高雄,達家玻璃膠,李亞築,否,100000,2022 議員,國民黨,議員與地方公職
高雄,達家玻璃膠,洪村銘,否,100000,2022 議員,民進黨,議員與地方公職
高雄,達家玻璃膠,陳明澤,否,100000,2018 議員,民進黨,議員與地方公職
高雄,達家玻璃膠,陳明澤,否,100000,2022 議員,民進黨,議員與地方公職
高雄,聯上集團,康裕成,是,500000,2018 議員,民進黨,議員與地方公職
高雄,聯上集團,許崑源,否,300000,2018 議員,國民黨,議員與地方公職
高雄,聯上集團,蔡武宏,否,100000,2018 議員,國民黨,議員與地方公職
