企業／集團,捐款企業,民進黨新潮流,民進黨非新潮流,台灣基進,無黨籍,親民黨,民眾黨,國民黨
國揚集團,漢神名店百貨、漢來美食,6600000,"1,000,000",,,,300000,"4,200,000"
聯上集團,聯上實業、聯上開發,6050000,"1,000,000",,,,,"2,400,000"
達家玻璃膠,,4000000,"700,000",,,,,"100,000"
和大集團,和大工業、高鋒工業,4000000,"1,400,000",,,,,
良聯工業,,4000000,"1,900,000",,,,,"250,000"
禾聯碩集團,禾聯、禾聯碩,3100000,"900,000",,200000,,,"1,900,000"
富宇集團,富宇地產、富宇建設,3015000,"1,250,000",,,,,"1,000,000"
金攀工程,,2800000,,,720000,,,
日友水產,,2700000,"1,750,000",,,,,
台北世貿大樓,,2200000,"1,300,000",,,,,"300,000"
京城集團,京城建設、京城國際建築經理,2100000,"500,000",,,,,"200,000"
無限映像製作,,1900000,"730,000",,,,,
永鑫能源,,1850000,"250,000",,,,,
旺昇工程,,1800000,,,,,,
伍豐科技,,1750000,"500,000",,200000,,,"1,000,000"
享溫馨企業,,1685000,"450,000",100000,200000,60000,60000,"100,000"
般若科技,,1660000,"1,200,000",,,,,
路竹新益工廠,,1500000,"400,000",,100000,,,"100,000"
文賀實業,,1479668,"652,600",,48300,,,"100,000"
大吉汽車企業,,1450000,"560,000",,,,,"300,000"
長輝事業,,1400000,"600,000",,,,,
世紀離岸風電設備,,1300000,"900,000",,,,,
友秀實業,,1250000,"200,000",,50000,,,
誠岱機械廠,,1100000,"330,000",,,,,"200,000"
第一名店,,1100000,"1,000,000",,,,,
世暘工廠產業,,1100000,"900,000",,,,,
天恕事業群,天恕貿易、天恕工業,1100000,"670,000",,,,,
國精化學,,1000000,"200,000",,,,,"400,000"
東禾生物科技,,1000000,"100,000",,,,,
榮工實業,,900000,"200,000",,,,,"200,000"
國林號開發,,900000,"400,000",,,,,"66,000"
尚達化工科技,,900000,"200,000",,,,,"200,000"
巴斯威爾,,900000,"650,000",,100000,,,
富棣建設開發,,850000,"50,000",,,,,"250,000"
聯友金屬科技,,800000,,,200000,,,"100,000"
憲旺鋼鐵,,800000,,,,,,"400,000"
光榮工業,,800000,"400,000",200000,,,,
福南鋼鐵,,790000,"180,000",,80000,,,"100,000"
全正,,750000,"300,000",,300000,,,
仟鑽,,750000,"300,000",,300000,,,
傑期企業,,700000,"360,000",,,,,
台灣銅業科技,,660000,"549,500",,,,,
華太建設,,659800,"347,400",,,,11500,"117,600"
展意營造,,600000,,,,,,"500,000"
承安實業,,600000,"100,000",,100000,,,"140,000"
吉隆建設,,600000,"200,000",,,,,
義信行銷顧問,,500000,"200,000",100000,,,,
祥傑建設,,500000,"300,000",30000,,,,"150,000"
韋奕工業,,500000,"250,000",,,,,"100,000"
好事多開發,,500000,"250,000",,,,,
大帝興業,,500000,,,,,,"250,000"
力強實業,,500000,"400,000",,,,,
泰樺家具,,450000,"370,000",,,,,"40,000"
志昌邱鋼鐵,,400000,"170,000",,,,,"100,000"
潤慶,,350000,"50,000",,,,,"200,000"
日宇建設,,330000,"200,000",,,,,"70,000"
翔威貿易,,300000,"200,000",,,,,
偉凱實業,,300000,"170,000",,,,,"70,000"
台陽營造,,300000,"100,000",,,,,"100,000"
