委員會,姓名,派系,公職
中執委,張家銨,正國會,台中市議員；前台中市府市長秘書
中執委,張銘祐,正國會,
中執委,陳茂松,正國會,前嘉義市議員
中執委,彭俊豪,正國會,桃園市議員
中執委,陳培瑜,民主活水,不分區立委
中執委,賴惠員,民主活水,台南市立法委員
中執委,李偉智,妃系,台南市議員
中執委,陳怡珍,妃系,台南市議員
中執委,王世堅,英系,台北市立法委員；前台北市議員
中執委,李雨庭,英系,高雄市議員
中執委,陳冠廷,英系,嘉義縣立法委員；前台北市府副發言人
中執委,陳淑華,英系,台中市議員
中執委,廖宜琨,英系,新北市議員
中執委,王定宇,湧言會,台南市立法委員
中執委,林智鴻,湧言會,高雄市議員
中執委,沈家鳳,新潮流,台南市議員
中執委,林俊憲,新潮流,台南市立法委員
中執委,林德宇,新潮流,台中市議員；前彰化縣府新聞處長
中執委,梁育慈,新潮流,屏東縣議員
中執委,許智傑,新潮流,高雄市立法委員；前高雄市鳳山區長
中執委,黃彥毓,新潮流,高雄市議員；前高雄市府經發局專委、市長辦公室機要秘書
中執委,黃家齊,新潮流,桃園市議員
中執委,謝舒凡,新潮流,台南市議員
中執委,簡舒培,新潮流,台北市議員
中執委,李若菁,綠色友誼連線,
中執委,林益邦,綠色友誼連線,
中執委,鍾佩玲,綠色友誼連線,台北市議員
中執委,呂孫福,蘇系,
中執委,張宏陸,蘇系,新北市立法委員；前台北縣府民政局長、行政院院長秘書、新北市議員
中執委,鄭美娟,蘇系,新竹市議員
中常委,陳茂松,正國會,前嘉義市議員
中常委,陳培瑜,民主活水,不分區立委
中常委,陳怡珍,妃系,台南市議員
中常委,王世堅,英系,台北市立法委員；前台北市議員
中常委,林智鴻,湧言會,高雄市議員
中常委,林俊憲,新潮流,台南市立法委員
中常委,許智傑,新潮流,高雄市立法委員；前高雄市鳳山區長
中常委,簡舒培,新潮流,台北市議員
中常委,鍾佩玲,綠色友誼連線,台北市議員
中常委,張宏陸,蘇系,新北市立法委員；前台北縣府民政局長、行政院院長秘書、新北市議員
中評委,江肇國,正國會,台中市議員
中評委,薛琇穗,正國會,
中評委,周志賢,英系,台北市大同區建功里里長
中評委,張茂楠,英系,前台北市議員
中評委,鄭光峰,湧言會,高雄市議員
中評委,沈發惠,新潮流,不分區立法委員
中評委,沈震東,新潮流,台南市議員
中評委,邱志偉,新潮流,高雄市立法委員；前高雄市府民政局長
中評委,魏筠,新潮流,桃園市議員
中評委,潘新傳,綠色友誼連線,
中評委,王開玹,蘇系,行政院雲嘉南區聯合服務中心副執行長
